PCOAIPH501,1,4,Apple iPhone 5 Çiçek Desenli Taşlı Kapak,5,USD,20,TRL,24,"IMG_6943,IMG_6952",Kapak,Apple iPhone 5 Çiçek Desenli Taşlı Kapak
PCOAIPH502,1,4,Apple iPhone 5 Baklava Desenli Taşlı Kapak,5,USD,20,TRL,24,"IMG_6944,IMG_6945,IMG_6947,IMG_6954,IMG_6955,IMG_6956,IMG_6957,IMG_6958,IMG_6959,IMG_6961,IMG_6963,IMG_6964,IMG_6965,IMG_6966,IMG_6967",Kapak,Apple iPhone 5 Baklava Desenli Taşlı Kapak
PCOAIPH503,1,4,Apple iPhone 5 Kelebek Desenli Taşlı Kapak,5,USD,20,TRL,24,IMG_6960,Kapak,Apple iPhone 5 Kelebek Desenli Taşlı Kapak
PCOAIPH504,1,4,Apple iPhone 5 Leopar Desenli Taşlı Kapak,5,USD,30,TRL,36,"IMG_6968,IMG_6969",Kapak,Apple iPhone 5 Leopar Desenli Taşlı Kapak
PCOAIPH505,1,4,Apple iPhone 5 Resimsiz Düz Kapak,2.5,USD,17,TRL,20.4,"IMG_6970,IMG_6971,IMG_6973,IMG_6974,IMG_6975",Kapak,Apple iPhone 5 Resimsiz Düz Kapak
PCOAIPH506,1,4,Apple iPhone 5 Hasır Desenli Kapak,3.5,USD,25,TRL,30,"IMG_6976,IMG_6977,IMG_6978,IMG_6979,IMG_6980,IMG_6981",Kapak,Apple iPhone 5 Hasır Desenli Kapak
PCOAIPH507,1,4,Apple iPhone 5 Resimli Kapak,2,USD,15,TRL,18,"IMG_6982,IMG_6983,IMG_6984,IMG_6985,IMG_6986,IMG_6987,IMG_6988,IMG_6989,IMG_6990,IMG_6991,IMG_6992,IMG_6993,IMG_6994,IMG_6995,IMG_6996,IMG_6997,IMG_6998",Kapak,Apple iPhone 5 Resimli Kapak
PCOAIPH508,1,4,Apple iPhone 5 Air Jacket - Metal Kapak,3.5,USD,20,TRL,24,"IMG_6999,IMG_7000,IMG_7001,IMG_7002",Kapak,Apple iPhone 5 Air Jacket - Metal Kapak
PCOAIPH509,1,4,Apple iPhone 5 Bumper,2,USD,10,TRL,12,"IMG_7007,IMG_7009,IMG_7011",Kapak,Apple iPhone 5 Bumper
PCOAIPH510,1,4,Apple iPhone 5 Sehpalı Kapak,5,USD,30,TRL,36,PCOAIPH510,Kapak,Apple iPhone 5 Sehpalı Kapak
PCOAIPH511,1,4,Apple iPhone 5 Silikon Kapak,1.5,USD,10,TRL,12,"ip2012,ip2013",Kapak,Apple iPhone 5 Silikon Kapak
PCOAIPH512,1,4,Apple iPhone 5 Flip Cover,6,USD,29.9,TRL,35.88,"IMG_1743,IMG_1744,IMG_1745",Kapak,Apple iPhone 5 Flip Cover
PCOAIPH513,1,4,Apple iPhone 5 Gangnam Style Soft Silikon Kapak,4,USD,19.9,TRL,23.88,"IMG_1746,IMG_1747,IMG_1748,IMG_1749,IMG_1750,IMG_1751,IMG_1752,IMG_1753,IMG_1754,IMG_1755",Kapak,Apple iPhone 5 Gangnam Style Soft Silikon Kapak
PCOAIPH514,1,4,Apple iPhone 5 Şeffaf Sert Silikon Kapak,2,USD,9.9,TRL,11.88,IMG_1759,Kapak,Apple iPhone 5 Şeffaf Sert Silikon Kapak
PCOAIPH401,1,3,Apple iPhone 4 Örümcek Ağı Desenli Kapak,3.5,USD,20,TRL,24,IMG_7014,Kapak,Apple iPhone 4 Örümcek Ağı Desenli Kapak
PCOAIPH402,1,3,Apple iPhone 4 Petek Desenli Kapak,3.5,USD,20,TRL,24,"IMG_7013,IMG_7015",Kapak,Apple iPhone 4 Petek Desenli Kapak
PCOAIPH403,1,3,Apple iPhone 4 Kare Desenli Kapak,3.5,USD,20,TRL,24,IMG_7016,Kapak,Apple iPhone 4 Kare Desenli Kapak
PCOAIPH404,1,3,Apple iPhone 4 Tavus Kuşu Özel Tasarım Taşlı Kapak,7,USD,25,TRL,30,"IMG_7017,IMG_7018,IMG_7019,IMG_7020,IMG_7021,IMG_7022,IMG_7023,IMG_7024",Kapak,Apple iPhone 4 Tavus Kuşu Özel Tasarım Taşlı Kapak
PCOAIPH405,1,3,Apple iPhone 4 Gangnam Style Soft Silikon Kapak,4,USD,19.9,TRL,23.88,"IMG_1730,IMG_1731,IMG_1732,IMG_1733,IMG_1734,IMG_1735,IMG_1736,IMG_1737",Kapak,Apple iPhone 4 Gangnam Style Soft Silikon Kapak
PCOAIPH301,1,2,Apple iPhone 3 Resimli Kapak,2.5,USD,15,TRL,18,"IMG_7026,IMG_7027,IMG_7028,IMG_7029",Kapak,Apple iPhone 3 Resimli Kapak
PCAAIPH501,1,4,Apple iPhone 5 Deri Kılıf,6,USD,25,TRL,30,PCAAIPH501,Kılıf,Apple iPhone 5 Deri Kılıf
PCAAIPH502,1,4,Apple iPhone 5 Suni Deri Kılıf,4,USD,20,TRL,24,PCAAIPH502,Kılıf,Apple iPhone 5 Suni Deri Kılıf
PSPAIPH401,1,3,Apple iPhone 4 Ekran Koruma - Ön,0.6,USD,5,TRL,6,PSPAIPH401,Ekran Koruma,Apple iPhone 4 Ekran Koruma - Ön
PSPAIPH402,1,3,Apple iPhone 4 Ekran Koruma - Ön Arka,1,USD,5,TRL,6,PSPAIPH402,Ekran Koruma,Apple iPhone 4 Ekran Koruma - Ön Arka
PSPAIPH501,1,4,Apple iPhone 5 Ekran Koruma - Ön,1,USD,5,TRL,6,PSPAIPH501,Ekran Koruma,Apple iPhone 5 Ekran Koruma - Ön
PSPAIPH502,1,4,Apple iPhone 5 Ekran Koruma - Ön Arka (3 parça),1.5,USD,10,TRL,12,PSPAIPH502,Ekran Koruma,Apple iPhone 5 Ekran Koruma - Ön Arka (3 parça)
PSPSGS3,1,13,Samsung Galaxy S3 Ekran Koruma,1,USD,5,TRL,6,PSPSGS3,Ekran Koruma,Samsung Galaxy S3 Ekran Koruma
PTP01,1,"2,3,4,5,6,7,8,10,11,12,13,14,16,17,18",Dokunmatik Kalem,5,USD,20,TRL,24,KARISIK001,Dokunmatik Kalem,Dokunmatik Kalem
PTP02,1,4,Klipsli dokunmatik kalem,2.5,USD,10,TRL,12,"KARISIK002,KARISIK003,KARISIK004,KARISIK007",Dokunmatik Kalem,Klipsli dokunmatik kalem
PTP03,1,4,Kulaklık askılı dokunmatik kalem,2.5,USD,10,TRL,12,"KARISIK005,KARISIK006",Dokunmatik Kalem,Kulaklık askılı dokunmatik kalem
ACAI5,2,4,Apple iPhone 5 Orjinal USB Data Kablosu,5,USD,20,TRL,24,"KARISIK008,KARISIK009,KARISIK010,KARISIK011,KARISIK012",Data Kablosu,Apple iPhone 5 Orjinal USB Data Kablosu
ACHI501,2,4,Apple iPhone 5 Orjinal USB Şarj Aleti,5,USD,20,TRL,24,"ACHI501,ACHI501_1,ACHI501_2",Şarj Aleti,Apple iPhone 5 Orjinal USB Şarj Aleti. iPhone 4 kablosuyla kullanılabiliyor.
ACHI502,2,4,Apple iPhone 5 Orjinal Araç Şarj Aleti,1.3,USD,30,TRL,36,ACHI502,Şarj Aleti,Apple iPhone 5 Orjinal Araç Şarj Aleti
AHPI5,2,4,Apple iPhone 5 Orjinal Kulaklık,20,USD,55,TRL,66,AHPI5,Kulaklık,Apple iPhone 5 Orjinal Kulaklık. iPhone 4 de kullanılabiliyor.
AADI5,2,4,Apple iPhone 5 Orjinal Adaptör,5,USD,30,TRL,36,AADI5,Adaptör,Apple iPhone 5 Orjinal Adaptör
SCAGS3,3,13,Samsung Galaxy S3 USB Data Kablosu,5,USD,20,TRL,24,IMG_7031,Data Kablosu,Samsung Galaxy S3 USB Data Kablosu
ACAI3I4,2,"2,3",Apple iPhone 3 / iPhone 4 USB Data Kablosu,0.6,USD,10,TRL,12,"IMG_7033,IMG_7034,IMG_7035,IMG_7036,IMG_7037",Data Kablosu,Apple iPhone 3 / iPhone 4 USB Data Kablosu
PCAI2I3,1,"5,6","Apple iPad 2, iPad 3 Leopar Desenli Suni Deri Kılıf",12,USD,35,TRL,42,"IMG_7040,IMG_7041,IMG_7042",Kılıf,"Apple iPad 2, iPad 3 Leopar Desenli Suni Deri Kılıf"
PCOI3,1,2,Apple iPhone 3 Kaset Kapak,1.5,USD,5,TRL,6,"ip2001,KARISIK014,KARISIK015,KARISIK017,KARISIK019",Kapak,Apple iPhone 3 Kaset Kapak
PCOI401,1,3,Apple iPhone 4 Penguen Kapak,1.5,USD,5,TRL,6,"KARISIK013,KARISIK020,KARISIK021,KARISIK022,KARISIK023,KARISIK024,KARISIK025,KARISIK026",Kapak,Apple iPhone 4 Penguen Kapak
PCOI402,1,3,Apple iPhone 4 Düz Kapak,1.5,USD,10,TRL,12,KARISIK016,Kapak,Apple iPhone 4 Düz Kapak
PCOSGS,1,11,Samsung Galaxy S I9000 Çiçek Desenli Taşlı Kapak,3.5,USD,20,TRL,24,"KARISIK027,KARISIK028,KARISIK029,KARISIK030,KARISIK031,KARISIK032,KARISIK034",Kapak,Samsung I9000 Çiçek Desenli Taşlı Kapak
PCOSGS201,1,12,Samsung Galaxy S2 Baklava Desenli Taşlı Kapak,3.5,USD,15,TRL,18,"KARISIK043,KARISIK044,KARISIK046,KARISIK047,KARISIK048,KARISIK049,KARISIK050,KARISIK051,KARISIK052",Kapak,Samsung Galaxy S2 Baklava Desenli Taşlı Kapak
PCOSGS202,1,12,Samsung Galaxy S2 Resimli Kapak,2,USD,10,TRL,12,"KARISIK053,KARISIK054,KARISIK045,KARISIK042,KARISIK041,KARISIK040,KARISIK039,KARISIK038,KARISIK037,KARISIK036,KARISIK035,KARISIK033",Kapak,Samsung Galaxy S2 Resimli Kapak
PCOAIPO401,1,8,Apple iPod Touch 4 Desenli Kapak,2.5,USD,15,TRL,18,"KARISIK055,KARISIK056,KARISIK057,KARISIK058,KARISIK059,KARISIK060,KARISIK061,KARISIK062,KARISIK063",Kapak,Apple iPod Touch 4 Desenli Kapak
PCOAIPO402,1,8,Apple iPod Touch 4 Kaset Kapak,1.5,USD,10,TRL,12,"KARISIK064,KARISIK065,KARISIK066,KARISIK067",Kapak,Apple iPod Touch 4 Kaset Kapak
PCOSGS301,1,13,Samsung Galaxy S3 Düz Kapak,2,USD,10,TRL,12,"S3033,S3034,S3035,S3036,S3037,S3038,S3039",Kapak,Samsung Galaxy S3 Düz Kapak
PCOSGS302,1,13,Samsung Galaxy S3 Resimli Kapak,2,USD,10,TRL,12,"S3040,S3041,S3042,S3043",Kapak,Samsung Galaxy S3 Resimli Kapak
PCOSGS303,1,13,Samsung Galaxy S3 Desenli Kapak,3,USD,15,TRL,18,"S3044,S3045",Kapak,Samsung Galaxy S3 Desenli Kapak